{
  "metadata": {
    "schemaVersion": "1.0",
    "importType": "LEX",
    "importFormat": "JSON"
  },
  "resource": {
    "description": " What level of investment risk are you comfortable with?",
    "name": "riskLevel",
    "version": "2",
    "enumerationValues": [
      {
        "value": "High",
        "synonyms": [
          "I can take risk"
        ]
      },
      {
        "value": "Very Low",
        "synonyms": [
          "Not much risk at all"
        ]
      },
      {
        "value": "Low",
        "synonyms": [
          "Low risk"
        ]
      },
      {
        "value": "Very High",
        "synonyms": [
          "I have no fear"
        ]
      },
      {
        "value": "Medium",
        "synonyms": [
          "Let's start becoming wild"
        ]
      },
      {
        "value": "None",
        "synonyms": [
          "No risk at all"
        ]
      }
    ],
    "valueSelectionStrategy": "TOP_RESOLUTION"
  }
}